	SubjectID1	SubjectID2	Group1	Group2	Distance
0	L1S57	L1S8	gut	gut	0.4729553163051605
1	L1S76	L1S8	gut	gut	0.4748551845550537
2	L1S76	L1S57	gut	gut	0.2379953861236572
3	L1S105	L1S8	gut	gut	0.5394825339317322
4	L1S105	L1S57	gut	gut	0.35747030377388
5	L1S105	L1S76	gut	gut	0.360768735408783
6	L1S140	L1S8	gut	gut	0.5584535598754883
7	L1S140	L1S57	gut	gut	0.577854573726654
8	L1S140	L1S76	gut	gut	0.5464064478874207
9	L1S140	L1S105	gut	gut	0.5035973191261292
10	L1S208	L1S8	gut	gut	0.5279178023338318
11	L1S208	L1S57	gut	gut	0.4790416061878204
12	L1S208	L1S76	gut	gut	0.4524572491645813
13	L1S208	L1S105	gut	gut	0.523989200592041
14	L1S208	L1S140	gut	gut	0.5337308645248413
15	L1S257	L1S8	gut	gut	0.4976242780685425
16	L1S257	L1S57	gut	gut	0.4508087038993835
17	L1S257	L1S76	gut	gut	0.4506454765796661
18	L1S257	L1S105	gut	gut	0.5370093584060669
19	L1S257	L1S140	gut	gut	0.5429207682609558
20	L1S257	L1S208	gut	gut	0.2997123301029205
21	L1S281	L1S8	gut	gut	0.5494118928909302
22	L1S281	L1S57	gut	gut	0.4543966054916382
23	L1S281	L1S76	gut	gut	0.4395265281200409
24	L1S281	L1S105	gut	gut	0.519382894039154
25	L1S281	L1S140	gut	gut	0.5013098120689392
26	L1S281	L1S208	gut	gut	0.2295676469802856
27	L1S281	L1S257	gut	gut	0.2792335152626038
28	L1S8	L2S155	gut	left palm	0.8552061319351196
29	L1S8	L2S175	gut	left palm	0.8381260633468628
30	L1S8	L2S204	gut	left palm	0.8559563159942627
31	L1S8	L2S222	gut	left palm	0.8639541864395142
32	L1S8	L2S240	gut	left palm	0.7853924632072449
33	L1S8	L2S309	gut	left palm	0.8004190325737
34	L1S8	L2S357	gut	left palm	0.7707985043525696
35	L1S8	L2S382	gut	left palm	0.8437989354133606
36	L1S57	L2S155	gut	left palm	0.8700732588768005
37	L1S57	L2S175	gut	left palm	0.8582572340965271
38	L1S57	L2S204	gut	left palm	0.850611686706543
39	L1S57	L2S222	gut	left palm	0.8519583344459534
40	L1S57	L2S240	gut	left palm	0.8239015340805054
41	L1S57	L2S309	gut	left palm	0.8285061717033386
42	L1S57	L2S357	gut	left palm	0.7952020764350891
43	L1S57	L2S382	gut	left palm	0.8570882081985474
44	L1S76	L2S155	gut	left palm	0.8761792182922363
45	L1S76	L2S175	gut	left palm	0.8542225360870361
46	L1S76	L2S204	gut	left palm	0.8505846858024597
47	L1S76	L2S222	gut	left palm	0.8501749634742737
48	L1S76	L2S240	gut	left palm	0.8259691596031189
49	L1S76	L2S309	gut	left palm	0.8362026810646057
50	L1S76	L2S357	gut	left palm	0.7937304973602295
51	L1S76	L2S382	gut	left palm	0.8569978475570679
52	L1S105	L2S155	gut	left palm	0.8351038098335266
53	L1S105	L2S175	gut	left palm	0.8168045282363892
54	L1S105	L2S204	gut	left palm	0.8259502053260803
55	L1S105	L2S222	gut	left palm	0.8208760619163513
56	L1S105	L2S240	gut	left palm	0.7746386528015137
57	L1S105	L2S309	gut	left palm	0.7894285917282104
58	L1S105	L2S357	gut	left palm	0.8064736723899841
59	L1S105	L2S382	gut	left palm	0.8149044513702393
60	L1S140	L2S155	gut	left palm	0.8122774958610535
61	L1S140	L2S175	gut	left palm	0.7719535231590271
62	L1S140	L2S204	gut	left palm	0.8129656910896301
63	L1S140	L2S222	gut	left palm	0.8175129294395447
64	L1S140	L2S240	gut	left palm	0.675586998462677
65	L1S140	L2S309	gut	left palm	0.7633653283119202
66	L1S140	L2S357	gut	left palm	0.7621203660964966
67	L1S140	L2S382	gut	left palm	0.7512791156768799
68	L1S208	L2S155	gut	left palm	0.8465239405632019
69	L1S208	L2S175	gut	left palm	0.8303959965705872
70	L1S208	L2S204	gut	left palm	0.8443412184715271
71	L1S208	L2S222	gut	left palm	0.8428555130958557
72	L1S208	L2S240	gut	left palm	0.7728868126869202
73	L1S208	L2S309	gut	left palm	0.8250145316123962
74	L1S208	L2S357	gut	left palm	0.7970971465110779
75	L1S208	L2S382	gut	left palm	0.8302038908004761
76	L1S257	L2S155	gut	left palm	0.8475327491760254
77	L1S257	L2S175	gut	left palm	0.8371683955192566
78	L1S257	L2S204	gut	left palm	0.8390534520149231
79	L1S257	L2S222	gut	left palm	0.836901068687439
80	L1S257	L2S240	gut	left palm	0.7950619459152222
81	L1S257	L2S309	gut	left palm	0.8080536723136902
82	L1S257	L2S357	gut	left palm	0.7967061400413513
83	L1S257	L2S382	gut	left palm	0.824836015701294
84	L1S281	L2S155	gut	left palm	0.8709356188774109
85	L1S281	L2S175	gut	left palm	0.8546985387802124
86	L1S281	L2S204	gut	left palm	0.8621239066123962
87	L1S281	L2S222	gut	left palm	0.857430100440979
88	L1S281	L2S240	gut	left palm	0.8114898800849915
89	L1S281	L2S309	gut	left palm	0.8377569913864136
90	L1S281	L2S357	gut	left palm	0.8249126076698303
91	L1S281	L2S382	gut	left palm	0.853274941444397
92	L1S8	L3S294	gut	right palm	0.8483701944351196
93	L1S8	L3S313	gut	right palm	0.7602707743644714
94	L1S8	L3S378	gut	right palm	0.4346410930156708
95	L1S8	L4S63	gut	right palm	0.8784799575805664
96	L1S8	L4S112	gut	right palm	0.835778534412384
97	L1S8	L4S137	gut	right palm	0.8548054695129395
98	L1S57	L3S294	gut	right palm	0.8711915612220764
99	L1S57	L3S313	gut	right palm	0.7878841757774353
100	L1S57	L3S378	gut	right palm	0.5937715172767639
101	L1S57	L4S63	gut	right palm	0.8855447173118591
102	L1S57	L4S112	gut	right palm	0.8368294835090637
103	L1S57	L4S137	gut	right palm	0.871867835521698
104	L1S76	L3S294	gut	right palm	0.8701335191726685
105	L1S76	L3S313	gut	right palm	0.7851694822311401
106	L1S76	L3S378	gut	right palm	0.5442893505096436
107	L1S76	L4S63	gut	right palm	0.8881564140319824
108	L1S76	L4S112	gut	right palm	0.8395103216171265
109	L1S76	L4S137	gut	right palm	0.8679081201553345
110	L1S105	L3S294	gut	right palm	0.8392452001571655
111	L1S105	L3S313	gut	right palm	0.7220940589904785
112	L1S105	L3S378	gut	right palm	0.5314310193061829
113	L1S105	L4S63	gut	right palm	0.8433132171630859
114	L1S105	L4S112	gut	right palm	0.8043105006217957
115	L1S105	L4S137	gut	right palm	0.8199934363365173
116	L1S140	L3S294	gut	right palm	0.7799769043922424
117	L1S140	L3S313	gut	right palm	0.6758538484573364
118	L1S140	L3S378	gut	right palm	0.351996511220932
119	L1S140	L4S63	gut	right palm	0.8379656672477722
120	L1S140	L4S112	gut	right palm	0.8041626811027527
121	L1S140	L4S137	gut	right palm	0.7671624422073364
122	L1S208	L3S294	gut	right palm	0.8562144637107849
123	L1S208	L3S313	gut	right palm	0.7801542282104492
124	L1S208	L3S378	gut	right palm	0.4899802505970001
125	L1S208	L4S63	gut	right palm	0.8795866370201111
126	L1S208	L4S112	gut	right palm	0.8243293762207031
127	L1S208	L4S137	gut	right palm	0.8508713245391846
128	L1S257	L3S294	gut	right palm	0.8588890433311462
129	L1S257	L3S313	gut	right palm	0.7836466431617737
130	L1S257	L3S378	gut	right palm	0.5200971961021423
131	L1S257	L4S63	gut	right palm	0.8698875904083252
132	L1S257	L4S112	gut	right palm	0.8184018731117249
133	L1S257	L4S137	gut	right palm	0.8368710875511169
134	L1S281	L3S294	gut	right palm	0.8831427097320557
135	L1S281	L3S313	gut	right palm	0.8135818243026733
136	L1S281	L3S378	gut	right palm	0.4744619429111481
137	L1S281	L4S63	gut	right palm	0.8937346935272217
138	L1S281	L4S112	gut	right palm	0.8417993783950806
139	L1S281	L4S137	gut	right palm	0.8738141059875488
140	L1S8	L5S104	gut	tongue	0.779405415058136
141	L1S8	L5S155	gut	tongue	0.7395988702774048
142	L1S8	L5S174	gut	tongue	0.7584062218666077
143	L1S8	L5S203	gut	tongue	0.7470573782920837
144	L1S8	L5S222	gut	tongue	0.7499269843101501
145	L1S8	L5S240	gut	tongue	0.7126456499099731
146	L1S8	L6S20	gut	tongue	0.7576258182525635
147	L1S8	L6S68	gut	tongue	0.7555368542671204
148	L1S8	L6S93	gut	tongue	0.7936111092567444
149	L1S57	L5S104	gut	tongue	0.7989411950111389
150	L1S57	L5S155	gut	tongue	0.7634595036506653
151	L1S57	L5S174	gut	tongue	0.8086454272270203
152	L1S57	L5S203	gut	tongue	0.7884956002235413
153	L1S57	L5S222	gut	tongue	0.8029477596282959
154	L1S57	L5S240	gut	tongue	0.7759502530097961
155	L1S57	L6S20	gut	tongue	0.7974951863288879
156	L1S57	L6S68	gut	tongue	0.8064592480659485
157	L1S57	L6S93	gut	tongue	0.7958652973175049
158	L1S76	L5S104	gut	tongue	0.7981731295585632
159	L1S76	L5S155	gut	tongue	0.7651995420455933
160	L1S76	L5S174	gut	tongue	0.8109046220779419
161	L1S76	L5S203	gut	tongue	0.7903512120246887
162	L1S76	L5S222	gut	tongue	0.8051825761795044
163	L1S76	L5S240	gut	tongue	0.7746942043304443
164	L1S76	L6S20	gut	tongue	0.7966286540031433
165	L1S76	L6S68	gut	tongue	0.8094739317893982
166	L1S76	L6S93	gut	tongue	0.8015522360801697
167	L1S105	L5S104	gut	tongue	0.7418719530105591
168	L1S105	L5S155	gut	tongue	0.7013067603111267
169	L1S105	L5S174	gut	tongue	0.7492645978927612
170	L1S105	L5S203	gut	tongue	0.7354636788368225
171	L1S105	L5S222	gut	tongue	0.7418091297149658
172	L1S105	L5S240	gut	tongue	0.7153035402297974
173	L1S105	L6S20	gut	tongue	0.7466986775398254
174	L1S105	L6S68	gut	tongue	0.7570488452911377
175	L1S105	L6S93	gut	tongue	0.7426977157592773
176	L1S140	L5S104	gut	tongue	0.7305005192756653
177	L1S140	L5S155	gut	tongue	0.6925499439239502
178	L1S140	L5S174	gut	tongue	0.6661115288734436
179	L1S140	L5S203	gut	tongue	0.6326319575309753
180	L1S140	L5S222	gut	tongue	0.6740750670433044
181	L1S140	L5S240	gut	tongue	0.666218638420105
182	L1S140	L6S20	gut	tongue	0.671947181224823
183	L1S140	L6S68	gut	tongue	0.6834807991981506
184	L1S140	L6S93	gut	tongue	0.7403865456581116
185	L1S208	L5S104	gut	tongue	0.7983077168464661
186	L1S208	L5S155	gut	tongue	0.7641006708145142
187	L1S208	L5S174	gut	tongue	0.7601585984230042
188	L1S208	L5S203	gut	tongue	0.7397434115409851
189	L1S208	L5S222	gut	tongue	0.7572923302650452
190	L1S208	L5S240	gut	tongue	0.7245646119117737
191	L1S208	L6S20	gut	tongue	0.7573695778846741
192	L1S208	L6S68	gut	tongue	0.7477090358734131
193	L1S208	L6S93	gut	tongue	0.787375807762146
194	L1S257	L5S104	gut	tongue	0.8129146099090576
195	L1S257	L5S155	gut	tongue	0.7831500172615051
196	L1S257	L5S174	gut	tongue	0.7746139764785767
197	L1S257	L5S203	gut	tongue	0.7588281035423279
198	L1S257	L5S222	gut	tongue	0.7687253952026367
199	L1S257	L5S240	gut	tongue	0.7642782330513
200	L1S257	L6S20	gut	tongue	0.755868136882782
201	L1S257	L6S68	gut	tongue	0.7677178382873535
202	L1S257	L6S93	gut	tongue	0.7975543141365051
203	L1S281	L5S104	gut	tongue	0.8373699188232422
204	L1S281	L5S155	gut	tongue	0.8090760707855225
205	L1S281	L5S174	gut	tongue	0.8056915402412415
206	L1S281	L5S203	gut	tongue	0.7719328999519348
207	L1S281	L5S222	gut	tongue	0.800169050693512
208	L1S281	L5S240	gut	tongue	0.770553469657898
209	L1S281	L6S20	gut	tongue	0.7967243790626526
210	L1S281	L6S68	gut	tongue	0.7936272025108337
211	L1S281	L6S93	gut	tongue	0.8223162293434143
0	L2S175	L2S155	left palm	left palm	0.4748159646987915
1	L2S204	L2S155	left palm	left palm	0.430921345949173
2	L2S204	L2S175	left palm	left palm	0.4709324538707733
3	L2S222	L2S155	left palm	left palm	0.4446653723716736
4	L2S222	L2S175	left palm	left palm	0.4807351529598236
5	L2S222	L2S204	left palm	left palm	0.3680886030197144
6	L2S240	L2S155	left palm	left palm	0.696278989315033
7	L2S240	L2S175	left palm	left palm	0.5844525694847107
8	L2S240	L2S204	left palm	left palm	0.7175285220146179
9	L2S240	L2S222	left palm	left palm	0.7114623188972473
10	L2S309	L2S155	left palm	left palm	0.4052084684371948
11	L2S309	L2S175	left palm	left palm	0.453784853219986
12	L2S309	L2S204	left palm	left palm	0.3847145438194275
13	L2S309	L2S222	left palm	left palm	0.4353765547275543
14	L2S309	L2S240	left palm	left palm	0.6770585179328918
15	L2S357	L2S155	left palm	left palm	0.5968735814094543
16	L2S357	L2S175	left palm	left palm	0.588334858417511
17	L2S357	L2S204	left palm	left palm	0.5444473028182983
18	L2S357	L2S222	left palm	left palm	0.5903822183609009
19	L2S357	L2S240	left palm	left palm	0.6041569709777832
20	L2S357	L2S309	left palm	left palm	0.4867832362651825
21	L2S382	L2S155	left palm	left palm	0.6741482615470886
22	L2S382	L2S175	left palm	left palm	0.5820712447166443
23	L2S382	L2S204	left palm	left palm	0.7042105197906494
24	L2S382	L2S222	left palm	left palm	0.6719350814819336
25	L2S382	L2S240	left palm	left palm	0.5153108835220337
26	L2S382	L2S309	left palm	left palm	0.6858406066894531
27	L2S382	L2S357	left palm	left palm	0.65330970287323
28	L2S155	L1S8	left palm	gut	0.8552061319351196
29	L2S155	L1S57	left palm	gut	0.8700732588768005
30	L2S155	L1S76	left palm	gut	0.8761792182922363
31	L2S155	L1S105	left palm	gut	0.8351038098335266
32	L2S155	L1S140	left palm	gut	0.8122774958610535
33	L2S155	L1S208	left palm	gut	0.8465239405632019
34	L2S155	L1S257	left palm	gut	0.8475327491760254
35	L2S155	L1S281	left palm	gut	0.8709356188774109
36	L2S175	L1S8	left palm	gut	0.8381260633468628
37	L2S175	L1S57	left palm	gut	0.8582572340965271
38	L2S175	L1S76	left palm	gut	0.8542225360870361
39	L2S175	L1S105	left palm	gut	0.8168045282363892
40	L2S175	L1S140	left palm	gut	0.7719535231590271
41	L2S175	L1S208	left palm	gut	0.8303959965705872
42	L2S175	L1S257	left palm	gut	0.8371683955192566
43	L2S175	L1S281	left palm	gut	0.8546985387802124
44	L2S204	L1S8	left palm	gut	0.8559563159942627
45	L2S204	L1S57	left palm	gut	0.850611686706543
46	L2S204	L1S76	left palm	gut	0.8505846858024597
47	L2S204	L1S105	left palm	gut	0.8259502053260803
48	L2S204	L1S140	left palm	gut	0.8129656910896301
49	L2S204	L1S208	left palm	gut	0.8443412184715271
50	L2S204	L1S257	left palm	gut	0.8390534520149231
51	L2S204	L1S281	left palm	gut	0.8621239066123962
52	L2S222	L1S8	left palm	gut	0.8639541864395142
53	L2S222	L1S57	left palm	gut	0.8519583344459534
54	L2S222	L1S76	left palm	gut	0.8501749634742737
55	L2S222	L1S105	left palm	gut	0.8208760619163513
56	L2S222	L1S140	left palm	gut	0.8175129294395447
57	L2S222	L1S208	left palm	gut	0.8428555130958557
58	L2S222	L1S257	left palm	gut	0.836901068687439
59	L2S222	L1S281	left palm	gut	0.857430100440979
60	L2S240	L1S8	left palm	gut	0.7853924632072449
61	L2S240	L1S57	left palm	gut	0.8239015340805054
62	L2S240	L1S76	left palm	gut	0.8259691596031189
63	L2S240	L1S105	left palm	gut	0.7746386528015137
64	L2S240	L1S140	left palm	gut	0.675586998462677
65	L2S240	L1S208	left palm	gut	0.7728868126869202
66	L2S240	L1S257	left palm	gut	0.7950619459152222
67	L2S240	L1S281	left palm	gut	0.8114898800849915
68	L2S309	L1S8	left palm	gut	0.8004190325737
69	L2S309	L1S57	left palm	gut	0.8285061717033386
70	L2S309	L1S76	left palm	gut	0.8362026810646057
71	L2S309	L1S105	left palm	gut	0.7894285917282104
72	L2S309	L1S140	left palm	gut	0.7633653283119202
73	L2S309	L1S208	left palm	gut	0.8250145316123962
74	L2S309	L1S257	left palm	gut	0.8080536723136902
75	L2S309	L1S281	left palm	gut	0.8377569913864136
76	L2S357	L1S8	left palm	gut	0.7707985043525696
77	L2S357	L1S57	left palm	gut	0.7952020764350891
78	L2S357	L1S76	left palm	gut	0.7937304973602295
79	L2S357	L1S105	left palm	gut	0.8064736723899841
80	L2S357	L1S140	left palm	gut	0.7621203660964966
81	L2S357	L1S208	left palm	gut	0.7970971465110779
82	L2S357	L1S257	left palm	gut	0.7967061400413513
83	L2S357	L1S281	left palm	gut	0.8249126076698303
84	L2S382	L1S8	left palm	gut	0.8437989354133606
85	L2S382	L1S57	left palm	gut	0.8570882081985474
86	L2S382	L1S76	left palm	gut	0.8569978475570679
87	L2S382	L1S105	left palm	gut	0.8149044513702393
88	L2S382	L1S140	left palm	gut	0.7512791156768799
89	L2S382	L1S208	left palm	gut	0.8302038908004761
90	L2S382	L1S257	left palm	gut	0.824836015701294
91	L2S382	L1S281	left palm	gut	0.853274941444397
92	L2S155	L3S294	left palm	right palm	0.5002051591873169
93	L2S155	L3S313	left palm	right palm	0.6068623661994934
94	L2S155	L3S378	left palm	right palm	0.8444045782089233
95	L2S155	L4S63	left palm	right palm	0.4656271040439606
96	L2S155	L4S112	left palm	right palm	0.5029897689819336
97	L2S155	L4S137	left palm	right palm	0.6286170482635498
98	L2S175	L3S294	left palm	right palm	0.4852294027805328
99	L2S175	L3S313	left palm	right palm	0.4946799278259277
100	L2S175	L3S378	left palm	right palm	0.8048169016838074
101	L2S175	L4S63	left palm	right palm	0.5530502200126648
102	L2S175	L4S112	left palm	right palm	0.4325790107250214
103	L2S175	L4S137	left palm	right palm	0.5956791043281555
104	L2S204	L3S294	left palm	right palm	0.5054678320884705
105	L2S204	L3S313	left palm	right palm	0.6211321353912354
106	L2S204	L3S378	left palm	right palm	0.8334291577339172
107	L2S204	L4S63	left palm	right palm	0.4936065077781677
108	L2S204	L4S112	left palm	right palm	0.4371515810489655
109	L2S204	L4S137	left palm	right palm	0.6663820147514343
110	L2S222	L3S294	left palm	right palm	0.5644844174385071
111	L2S222	L3S313	left palm	right palm	0.6532466411590576
112	L2S222	L3S378	left palm	right palm	0.844546377658844
113	L2S222	L4S63	left palm	right palm	0.4565590023994446
114	L2S222	L4S112	left palm	right palm	0.4686002433300018
115	L2S222	L4S137	left palm	right palm	0.64541095495224
116	L2S240	L3S294	left palm	right palm	0.6129541993141174
117	L2S240	L3S313	left palm	right palm	0.5431012511253357
118	L2S240	L3S378	left palm	right palm	0.7128034830093384
119	L2S240	L4S63	left palm	right palm	0.7323346734046936
120	L2S240	L4S112	left palm	right palm	0.6458833813667297
121	L2S240	L4S137	left palm	right palm	0.5354461669921875
122	L2S309	L3S294	left palm	right palm	0.4652311503887177
123	L2S309	L3S313	left palm	right palm	0.6123494505882263
124	L2S309	L3S378	left palm	right palm	0.7788597345352173
125	L2S309	L4S63	left palm	right palm	0.4496404528617859
126	L2S309	L4S112	left palm	right palm	0.4208008050918579
127	L2S309	L4S137	left palm	right palm	0.6326262950897217
128	L2S357	L3S294	left palm	right palm	0.5559676885604858
129	L2S357	L3S313	left palm	right palm	0.5115997791290283
130	L2S357	L3S378	left palm	right palm	0.7746873497962952
131	L2S357	L4S63	left palm	right palm	0.6411569714546204
132	L2S357	L4S112	left palm	right palm	0.540158212184906
133	L2S357	L4S137	left palm	right palm	0.559772789478302
134	L2S382	L3S294	left palm	right palm	0.69642573595047
135	L2S382	L3S313	left palm	right palm	0.6158491373062134
136	L2S382	L3S378	left palm	right palm	0.8010549545288086
137	L2S382	L4S63	left palm	right palm	0.7047779560089111
138	L2S382	L4S112	left palm	right palm	0.6606844067573547
139	L2S382	L4S137	left palm	right palm	0.292548269033432
140	L2S155	L5S104	left palm	tongue	0.7198061943054199
141	L2S155	L5S155	left palm	tongue	0.7852709293365479
142	L2S155	L5S174	left palm	tongue	0.7808248400688171
143	L2S155	L5S203	left palm	tongue	0.7269588112831116
144	L2S155	L5S222	left palm	tongue	0.7606246471405029
145	L2S155	L5S240	left palm	tongue	0.764355480670929
146	L2S155	L6S20	left palm	tongue	0.7638483047485352
147	L2S155	L6S68	left palm	tongue	0.7515102028846741
148	L2S155	L6S93	left palm	tongue	0.7687915563583374
149	L2S175	L5S104	left palm	tongue	0.6801983118057251
150	L2S175	L5S155	left palm	tongue	0.7133356332778931
151	L2S175	L5S174	left palm	tongue	0.7107260823249817
152	L2S175	L5S203	left palm	tongue	0.6367896795272827
153	L2S175	L5S222	left palm	tongue	0.6925285458564758
154	L2S175	L5S240	left palm	tongue	0.6637745499610901
155	L2S175	L6S20	left palm	tongue	0.7059844732284546
156	L2S175	L6S68	left palm	tongue	0.6457403898239136
157	L2S175	L6S93	left palm	tongue	0.6835474371910095
158	L2S204	L5S104	left palm	tongue	0.7282154560089111
159	L2S204	L5S155	left palm	tongue	0.7955470681190491
160	L2S204	L5S174	left palm	tongue	0.7974088191986084
161	L2S204	L5S203	left palm	tongue	0.7466422319412231
162	L2S204	L5S222	left palm	tongue	0.7806110978126526
163	L2S204	L5S240	left palm	tongue	0.7823547720909119
164	L2S204	L6S20	left palm	tongue	0.784614086151123
165	L2S204	L6S68	left palm	tongue	0.763920783996582
166	L2S204	L6S93	left palm	tongue	0.783065915107727
167	L2S222	L5S104	left palm	tongue	0.7442972660064697
168	L2S222	L5S155	left palm	tongue	0.8017084002494812
169	L2S222	L5S174	left palm	tongue	0.7972440719604492
170	L2S222	L5S203	left palm	tongue	0.7475789785385132
171	L2S222	L5S222	left palm	tongue	0.7798459529876709
172	L2S222	L5S240	left palm	tongue	0.7787009477615356
173	L2S222	L6S20	left palm	tongue	0.7817644476890564
174	L2S222	L6S68	left palm	tongue	0.7507461309432983
175	L2S222	L6S93	left palm	tongue	0.7897084355354309
176	L2S240	L5S104	left palm	tongue	0.4302021563053131
177	L2S240	L5S155	left palm	tongue	0.4304441213607788
178	L2S240	L5S174	left palm	tongue	0.3792441487312317
179	L2S240	L5S203	left palm	tongue	0.3295986354351044
180	L2S240	L5S222	left palm	tongue	0.3449873924255371
181	L2S240	L5S240	left palm	tongue	0.3460738360881805
182	L2S240	L6S20	left palm	tongue	0.3660235106945038
183	L2S240	L6S68	left palm	tongue	0.2637239992618561
184	L2S240	L6S93	left palm	tongue	0.3885707855224609
185	L2S309	L5S104	left palm	tongue	0.674785315990448
186	L2S309	L5S155	left palm	tongue	0.7436281442642212
187	L2S309	L5S174	left palm	tongue	0.7523509860038757
188	L2S309	L5S203	left palm	tongue	0.6968333125114441
189	L2S309	L5S222	left palm	tongue	0.727743923664093
190	L2S309	L5S240	left palm	tongue	0.7297632098197937
191	L2S309	L6S20	left palm	tongue	0.7544302940368652
192	L2S309	L6S68	left palm	tongue	0.7328581809997559
193	L2S309	L6S93	left palm	tongue	0.7463163733482361
194	L2S357	L5S104	left palm	tongue	0.5658544301986694
195	L2S357	L5S155	left palm	tongue	0.6636183857917786
196	L2S357	L5S174	left palm	tongue	0.6915568113327026
197	L2S357	L5S203	left palm	tongue	0.6014891266822815
198	L2S357	L5S222	left palm	tongue	0.6539198756217957
199	L2S357	L5S240	left palm	tongue	0.6561500430107117
200	L2S357	L6S20	left palm	tongue	0.691685676574707
201	L2S357	L6S68	left palm	tongue	0.6527721881866455
202	L2S357	L6S93	left palm	tongue	0.6692719459533691
203	L2S382	L5S104	left palm	tongue	0.6706692576408386
204	L2S382	L5S155	left palm	tongue	0.6933814883232117
205	L2S382	L5S174	left palm	tongue	0.6234754920005798
206	L2S382	L5S203	left palm	tongue	0.5820274353027344
207	L2S382	L5S222	left palm	tongue	0.6449134945869446
208	L2S382	L5S240	left palm	tongue	0.6413370966911316
209	L2S382	L6S20	left palm	tongue	0.5932595729827881
210	L2S382	L6S68	left palm	tongue	0.5600176453590393
211	L2S382	L6S93	left palm	tongue	0.5664269924163818
0	L3S313	L3S294	right palm	right palm	0.5580999851226807
1	L3S378	L3S294	right palm	right palm	0.7946462035179138
2	L3S378	L3S313	right palm	right palm	0.7053280472755432
3	L4S63	L3S294	right palm	right palm	0.6172040700912476
4	L4S63	L3S313	right palm	right palm	0.7099562883377075
5	L4S63	L3S378	right palm	right palm	0.8710504174232483
6	L4S112	L3S294	right palm	right palm	0.4818272590637207
7	L4S112	L3S313	right palm	right palm	0.6270021796226501
8	L4S112	L3S378	right palm	right palm	0.8237144351005554
9	L4S112	L4S63	right palm	right palm	0.4797643423080444
10	L4S137	L3S294	right palm	right palm	0.6285399198532104
11	L4S137	L3S313	right palm	right palm	0.5893665552139282
12	L4S137	L3S378	right palm	right palm	0.8145856261253357
13	L4S137	L4S63	right palm	right palm	0.6615843772888184
14	L4S137	L4S112	right palm	right palm	0.5904701948165894
15	L3S294	L1S8	right palm	gut	0.8483701944351196
16	L3S294	L1S57	right palm	gut	0.8711915612220764
17	L3S294	L1S76	right palm	gut	0.8701335191726685
18	L3S294	L1S105	right palm	gut	0.8392452001571655
19	L3S294	L1S140	right palm	gut	0.7799769043922424
20	L3S294	L1S208	right palm	gut	0.8562144637107849
21	L3S294	L1S257	right palm	gut	0.8588890433311462
22	L3S294	L1S281	right palm	gut	0.8831427097320557
23	L3S313	L1S8	right palm	gut	0.7602707743644714
24	L3S313	L1S57	right palm	gut	0.7878841757774353
25	L3S313	L1S76	right palm	gut	0.7851694822311401
26	L3S313	L1S105	right palm	gut	0.7220940589904785
27	L3S313	L1S140	right palm	gut	0.6758538484573364
28	L3S313	L1S208	right palm	gut	0.7801542282104492
29	L3S313	L1S257	right palm	gut	0.7836466431617737
30	L3S313	L1S281	right palm	gut	0.8135818243026733
31	L3S378	L1S8	right palm	gut	0.4346410930156708
32	L3S378	L1S57	right palm	gut	0.5937715172767639
33	L3S378	L1S76	right palm	gut	0.5442893505096436
34	L3S378	L1S105	right palm	gut	0.5314310193061829
35	L3S378	L1S140	right palm	gut	0.351996511220932
36	L3S378	L1S208	right palm	gut	0.4899802505970001
37	L3S378	L1S257	right palm	gut	0.5200971961021423
38	L3S378	L1S281	right palm	gut	0.4744619429111481
39	L4S63	L1S8	right palm	gut	0.8784799575805664
40	L4S63	L1S57	right palm	gut	0.8855447173118591
41	L4S63	L1S76	right palm	gut	0.8881564140319824
42	L4S63	L1S105	right palm	gut	0.8433132171630859
43	L4S63	L1S140	right palm	gut	0.8379656672477722
44	L4S63	L1S208	right palm	gut	0.8795866370201111
45	L4S63	L1S257	right palm	gut	0.8698875904083252
46	L4S63	L1S281	right palm	gut	0.8937346935272217
47	L4S112	L1S8	right palm	gut	0.835778534412384
48	L4S112	L1S57	right palm	gut	0.8368294835090637
49	L4S112	L1S76	right palm	gut	0.8395103216171265
50	L4S112	L1S105	right palm	gut	0.8043105006217957
51	L4S112	L1S140	right palm	gut	0.8041626811027527
52	L4S112	L1S208	right palm	gut	0.8243293762207031
53	L4S112	L1S257	right palm	gut	0.8184018731117249
54	L4S112	L1S281	right palm	gut	0.8417993783950806
55	L4S137	L1S8	right palm	gut	0.8548054695129395
56	L4S137	L1S57	right palm	gut	0.871867835521698
57	L4S137	L1S76	right palm	gut	0.8679081201553345
58	L4S137	L1S105	right palm	gut	0.8199934363365173
59	L4S137	L1S140	right palm	gut	0.7671624422073364
60	L4S137	L1S208	right palm	gut	0.8508713245391846
61	L4S137	L1S257	right palm	gut	0.8368710875511169
62	L4S137	L1S281	right palm	gut	0.8738141059875488
63	L3S294	L2S155	right palm	left palm	0.5002051591873169
64	L3S294	L2S175	right palm	left palm	0.4852294027805328
65	L3S294	L2S204	right palm	left palm	0.5054678320884705
66	L3S294	L2S222	right palm	left palm	0.5644844174385071
67	L3S294	L2S240	right palm	left palm	0.6129541993141174
68	L3S294	L2S309	right palm	left palm	0.4652311503887177
69	L3S294	L2S357	right palm	left palm	0.5559676885604858
70	L3S294	L2S382	right palm	left palm	0.69642573595047
71	L3S313	L2S155	right palm	left palm	0.6068623661994934
72	L3S313	L2S175	right palm	left palm	0.4946799278259277
73	L3S313	L2S204	right palm	left palm	0.6211321353912354
74	L3S313	L2S222	right palm	left palm	0.6532466411590576
75	L3S313	L2S240	right palm	left palm	0.5431012511253357
76	L3S313	L2S309	right palm	left palm	0.6123494505882263
77	L3S313	L2S357	right palm	left palm	0.5115997791290283
78	L3S313	L2S382	right palm	left palm	0.6158491373062134
79	L3S378	L2S155	right palm	left palm	0.8444045782089233
80	L3S378	L2S175	right palm	left palm	0.8048169016838074
81	L3S378	L2S204	right palm	left palm	0.8334291577339172
82	L3S378	L2S222	right palm	left palm	0.844546377658844
83	L3S378	L2S240	right palm	left palm	0.7128034830093384
84	L3S378	L2S309	right palm	left palm	0.7788597345352173
85	L3S378	L2S357	right palm	left palm	0.7746873497962952
86	L3S378	L2S382	right palm	left palm	0.8010549545288086
87	L4S63	L2S155	right palm	left palm	0.4656271040439606
88	L4S63	L2S175	right palm	left palm	0.5530502200126648
89	L4S63	L2S204	right palm	left palm	0.4936065077781677
90	L4S63	L2S222	right palm	left palm	0.4565590023994446
91	L4S63	L2S240	right palm	left palm	0.7323346734046936
92	L4S63	L2S309	right palm	left palm	0.4496404528617859
93	L4S63	L2S357	right palm	left palm	0.6411569714546204
94	L4S63	L2S382	right palm	left palm	0.7047779560089111
95	L4S112	L2S155	right palm	left palm	0.5029897689819336
96	L4S112	L2S175	right palm	left palm	0.4325790107250214
97	L4S112	L2S204	right palm	left palm	0.4371515810489655
98	L4S112	L2S222	right palm	left palm	0.4686002433300018
99	L4S112	L2S240	right palm	left palm	0.6458833813667297
100	L4S112	L2S309	right palm	left palm	0.4208008050918579
101	L4S112	L2S357	right palm	left palm	0.540158212184906
102	L4S112	L2S382	right palm	left palm	0.6606844067573547
103	L4S137	L2S155	right palm	left palm	0.6286170482635498
104	L4S137	L2S175	right palm	left palm	0.5956791043281555
105	L4S137	L2S204	right palm	left palm	0.6663820147514343
106	L4S137	L2S222	right palm	left palm	0.64541095495224
107	L4S137	L2S240	right palm	left palm	0.5354461669921875
108	L4S137	L2S309	right palm	left palm	0.6326262950897217
109	L4S137	L2S357	right palm	left palm	0.559772789478302
110	L4S137	L2S382	right palm	left palm	0.292548269033432
111	L3S294	L5S104	right palm	tongue	0.5967694520950317
112	L3S294	L5S155	right palm	tongue	0.6697880029678345
113	L3S294	L5S174	right palm	tongue	0.6758714914321899
114	L3S294	L5S203	right palm	tongue	0.6585078239440918
115	L3S294	L5S222	right palm	tongue	0.6446114778518677
116	L3S294	L5S240	right palm	tongue	0.671136200428009
117	L3S294	L6S20	right palm	tongue	0.6999979019165039
118	L3S294	L6S68	right palm	tongue	0.6922407746315002
119	L3S294	L6S93	right palm	tongue	0.7007650136947632
120	L3S313	L5S104	right palm	tongue	0.6073215007781982
121	L3S313	L5S155	right palm	tongue	0.5561836957931519
122	L3S313	L5S174	right palm	tongue	0.5970704555511475
123	L3S313	L5S203	right palm	tongue	0.5501003265380859
124	L3S313	L5S222	right palm	tongue	0.5817431211471558
125	L3S313	L5S240	right palm	tongue	0.5530276894569397
126	L3S313	L6S20	right palm	tongue	0.6162421703338623
127	L3S313	L6S68	right palm	tongue	0.6120240092277527
128	L3S313	L6S93	right palm	tongue	0.6140446662902832
129	L3S378	L5S104	right palm	tongue	0.6893903613090515
130	L3S378	L5S155	right palm	tongue	0.6366320848464966
131	L3S378	L5S174	right palm	tongue	0.6605091094970703
132	L3S378	L5S203	right palm	tongue	0.653776228427887
133	L3S378	L5S222	right palm	tongue	0.6476958394050598
134	L3S378	L5S240	right palm	tongue	0.6078175902366638
135	L3S378	L6S20	right palm	tongue	0.6730755567550659
136	L3S378	L6S68	right palm	tongue	0.684834897518158
137	L3S378	L6S93	right palm	tongue	0.7051571607589722
138	L4S63	L5S104	right palm	tongue	0.7598141431808472
139	L4S63	L5S155	right palm	tongue	0.8148143887519836
140	L4S63	L5S174	right palm	tongue	0.8005921840667725
141	L4S63	L5S203	right palm	tongue	0.7681832313537598
142	L4S63	L5S222	right palm	tongue	0.7885971069335938
143	L4S63	L5S240	right palm	tongue	0.7997519373893738
144	L4S63	L6S20	right palm	tongue	0.7910403609275818
145	L4S63	L6S68	right palm	tongue	0.7709676027297974
146	L4S63	L6S93	right palm	tongue	0.7906895279884338
147	L4S112	L5S104	right palm	tongue	0.6752671599388123
148	L4S112	L5S155	right palm	tongue	0.7513182759284973
149	L4S112	L5S174	right palm	tongue	0.7473213076591492
150	L4S112	L5S203	right palm	tongue	0.6900529861450195
151	L4S112	L5S222	right palm	tongue	0.7347462773323059
152	L4S112	L5S240	right palm	tongue	0.7385547161102295
153	L4S112	L6S20	right palm	tongue	0.7424217462539673
154	L4S112	L6S68	right palm	tongue	0.7014574408531189
155	L4S112	L6S93	right palm	tongue	0.7305922508239746
156	L4S137	L5S104	right palm	tongue	0.5938197374343872
157	L4S137	L5S155	right palm	tongue	0.6897065043449402
158	L4S137	L5S174	right palm	tongue	0.6180303692817688
159	L4S137	L5S203	right palm	tongue	0.5974563360214233
160	L4S137	L5S222	right palm	tongue	0.6375605463981628
161	L4S137	L5S240	right palm	tongue	0.6714441776275635
162	L4S137	L6S20	right palm	tongue	0.6292281746864319
163	L4S137	L6S68	right palm	tongue	0.575861394405365
164	L4S137	L6S93	right palm	tongue	0.5806542038917542
0	L5S155	L5S104	tongue	tongue	0.2821202874183655
1	L5S174	L5S104	tongue	tongue	0.3666365742683411
2	L5S174	L5S155	tongue	tongue	0.2525075078010559
3	L5S203	L5S104	tongue	tongue	0.360057532787323
4	L5S203	L5S155	tongue	tongue	0.2975960671901703
5	L5S203	L5S174	tongue	tongue	0.2649928033351898
6	L5S222	L5S104	tongue	tongue	0.2782444655895233
7	L5S222	L5S155	tongue	tongue	0.2141105383634567
8	L5S222	L5S174	tongue	tongue	0.146223172545433
9	L5S222	L5S203	tongue	tongue	0.24488565325737
10	L5S240	L5S104	tongue	tongue	0.3394808769226074
11	L5S240	L5S155	tongue	tongue	0.1796219646930695
12	L5S240	L5S174	tongue	tongue	0.2592634856700897
13	L5S240	L5S203	tongue	tongue	0.2686387300491333
14	L5S240	L5S222	tongue	tongue	0.2390263080596924
15	L6S20	L5S104	tongue	tongue	0.4311365485191345
16	L6S20	L5S155	tongue	tongue	0.3184544742107391
17	L6S20	L5S174	tongue	tongue	0.2566863596439362
18	L6S20	L5S203	tongue	tongue	0.3206254541873932
19	L6S20	L5S222	tongue	tongue	0.2811276614665985
20	L6S20	L5S240	tongue	tongue	0.262307345867157
21	L6S68	L5S104	tongue	tongue	0.3879625797271729
22	L6S68	L5S155	tongue	tongue	0.3647978603839874
23	L6S68	L5S174	tongue	tongue	0.290341854095459
24	L6S68	L5S203	tongue	tongue	0.2416542768478394
25	L6S68	L5S222	tongue	tongue	0.3145890533924103
26	L6S68	L5S240	tongue	tongue	0.2309801280498505
27	L6S68	L6S20	tongue	tongue	0.2501415908336639
28	L6S93	L5S104	tongue	tongue	0.3469477593898773
29	L6S93	L5S155	tongue	tongue	0.3108069896697998
30	L6S93	L5S174	tongue	tongue	0.302643746137619
31	L6S93	L5S203	tongue	tongue	0.3200283050537109
32	L6S93	L5S222	tongue	tongue	0.3506961464881897
33	L6S93	L5S240	tongue	tongue	0.3155833780765533
34	L6S93	L6S20	tongue	tongue	0.3518158197402954
35	L6S93	L6S68	tongue	tongue	0.2732394933700562
36	L5S104	L1S8	tongue	gut	0.779405415058136
37	L5S104	L1S57	tongue	gut	0.7989411950111389
38	L5S104	L1S76	tongue	gut	0.7981731295585632
39	L5S104	L1S105	tongue	gut	0.7418719530105591
40	L5S104	L1S140	tongue	gut	0.7305005192756653
41	L5S104	L1S208	tongue	gut	0.7983077168464661
42	L5S104	L1S257	tongue	gut	0.8129146099090576
43	L5S104	L1S281	tongue	gut	0.8373699188232422
44	L5S155	L1S8	tongue	gut	0.7395988702774048
45	L5S155	L1S57	tongue	gut	0.7634595036506653
46	L5S155	L1S76	tongue	gut	0.7651995420455933
47	L5S155	L1S105	tongue	gut	0.7013067603111267
48	L5S155	L1S140	tongue	gut	0.6925499439239502
49	L5S155	L1S208	tongue	gut	0.7641006708145142
50	L5S155	L1S257	tongue	gut	0.7831500172615051
51	L5S155	L1S281	tongue	gut	0.8090760707855225
52	L5S174	L1S8	tongue	gut	0.7584062218666077
53	L5S174	L1S57	tongue	gut	0.8086454272270203
54	L5S174	L1S76	tongue	gut	0.8109046220779419
55	L5S174	L1S105	tongue	gut	0.7492645978927612
56	L5S174	L1S140	tongue	gut	0.6661115288734436
57	L5S174	L1S208	tongue	gut	0.7601585984230042
58	L5S174	L1S257	tongue	gut	0.7746139764785767
59	L5S174	L1S281	tongue	gut	0.8056915402412415
60	L5S203	L1S8	tongue	gut	0.7470573782920837
61	L5S203	L1S57	tongue	gut	0.7884956002235413
62	L5S203	L1S76	tongue	gut	0.7903512120246887
63	L5S203	L1S105	tongue	gut	0.7354636788368225
64	L5S203	L1S140	tongue	gut	0.6326319575309753
65	L5S203	L1S208	tongue	gut	0.7397434115409851
66	L5S203	L1S257	tongue	gut	0.7588281035423279
67	L5S203	L1S281	tongue	gut	0.7719328999519348
68	L5S222	L1S8	tongue	gut	0.7499269843101501
69	L5S222	L1S57	tongue	gut	0.8029477596282959
70	L5S222	L1S76	tongue	gut	0.8051825761795044
71	L5S222	L1S105	tongue	gut	0.7418091297149658
72	L5S222	L1S140	tongue	gut	0.6740750670433044
73	L5S222	L1S208	tongue	gut	0.7572923302650452
74	L5S222	L1S257	tongue	gut	0.7687253952026367
75	L5S222	L1S281	tongue	gut	0.800169050693512
76	L5S240	L1S8	tongue	gut	0.7126456499099731
77	L5S240	L1S57	tongue	gut	0.7759502530097961
78	L5S240	L1S76	tongue	gut	0.7746942043304443
79	L5S240	L1S105	tongue	gut	0.7153035402297974
80	L5S240	L1S140	tongue	gut	0.666218638420105
81	L5S240	L1S208	tongue	gut	0.7245646119117737
82	L5S240	L1S257	tongue	gut	0.7642782330513
83	L5S240	L1S281	tongue	gut	0.770553469657898
84	L6S20	L1S8	tongue	gut	0.7576258182525635
85	L6S20	L1S57	tongue	gut	0.7974951863288879
86	L6S20	L1S76	tongue	gut	0.7966286540031433
87	L6S20	L1S105	tongue	gut	0.7466986775398254
88	L6S20	L1S140	tongue	gut	0.671947181224823
89	L6S20	L1S208	tongue	gut	0.7573695778846741
90	L6S20	L1S257	tongue	gut	0.755868136882782
91	L6S20	L1S281	tongue	gut	0.7967243790626526
92	L6S68	L1S8	tongue	gut	0.7555368542671204
93	L6S68	L1S57	tongue	gut	0.8064592480659485
94	L6S68	L1S76	tongue	gut	0.8094739317893982
95	L6S68	L1S105	tongue	gut	0.7570488452911377
96	L6S68	L1S140	tongue	gut	0.6834807991981506
97	L6S68	L1S208	tongue	gut	0.7477090358734131
98	L6S68	L1S257	tongue	gut	0.7677178382873535
99	L6S68	L1S281	tongue	gut	0.7936272025108337
100	L6S93	L1S8	tongue	gut	0.7936111092567444
101	L6S93	L1S57	tongue	gut	0.7958652973175049
102	L6S93	L1S76	tongue	gut	0.8015522360801697
103	L6S93	L1S105	tongue	gut	0.7426977157592773
104	L6S93	L1S140	tongue	gut	0.7403865456581116
105	L6S93	L1S208	tongue	gut	0.787375807762146
106	L6S93	L1S257	tongue	gut	0.7975543141365051
107	L6S93	L1S281	tongue	gut	0.8223162293434143
108	L5S104	L2S155	tongue	left palm	0.7198061943054199
109	L5S104	L2S175	tongue	left palm	0.6801983118057251
110	L5S104	L2S204	tongue	left palm	0.7282154560089111
111	L5S104	L2S222	tongue	left palm	0.7442972660064697
112	L5S104	L2S240	tongue	left palm	0.4302021563053131
113	L5S104	L2S309	tongue	left palm	0.674785315990448
114	L5S104	L2S357	tongue	left palm	0.5658544301986694
115	L5S104	L2S382	tongue	left palm	0.6706692576408386
116	L5S155	L2S155	tongue	left palm	0.7852709293365479
117	L5S155	L2S175	tongue	left palm	0.7133356332778931
118	L5S155	L2S204	tongue	left palm	0.7955470681190491
119	L5S155	L2S222	tongue	left palm	0.8017084002494812
120	L5S155	L2S240	tongue	left palm	0.4304441213607788
121	L5S155	L2S309	tongue	left palm	0.7436281442642212
122	L5S155	L2S357	tongue	left palm	0.6636183857917786
123	L5S155	L2S382	tongue	left palm	0.6933814883232117
124	L5S174	L2S155	tongue	left palm	0.7808248400688171
125	L5S174	L2S175	tongue	left palm	0.7107260823249817
126	L5S174	L2S204	tongue	left palm	0.7974088191986084
127	L5S174	L2S222	tongue	left palm	0.7972440719604492
128	L5S174	L2S240	tongue	left palm	0.3792441487312317
129	L5S174	L2S309	tongue	left palm	0.7523509860038757
130	L5S174	L2S357	tongue	left palm	0.6915568113327026
131	L5S174	L2S382	tongue	left palm	0.6234754920005798
132	L5S203	L2S155	tongue	left palm	0.7269588112831116
133	L5S203	L2S175	tongue	left palm	0.6367896795272827
134	L5S203	L2S204	tongue	left palm	0.7466422319412231
135	L5S203	L2S222	tongue	left palm	0.7475789785385132
136	L5S203	L2S240	tongue	left palm	0.3295986354351044
137	L5S203	L2S309	tongue	left palm	0.6968333125114441
138	L5S203	L2S357	tongue	left palm	0.6014891266822815
139	L5S203	L2S382	tongue	left palm	0.5820274353027344
140	L5S222	L2S155	tongue	left palm	0.7606246471405029
141	L5S222	L2S175	tongue	left palm	0.6925285458564758
142	L5S222	L2S204	tongue	left palm	0.7806110978126526
143	L5S222	L2S222	tongue	left palm	0.7798459529876709
144	L5S222	L2S240	tongue	left palm	0.3449873924255371
145	L5S222	L2S309	tongue	left palm	0.727743923664093
146	L5S222	L2S357	tongue	left palm	0.6539198756217957
147	L5S222	L2S382	tongue	left palm	0.6449134945869446
148	L5S240	L2S155	tongue	left palm	0.764355480670929
149	L5S240	L2S175	tongue	left palm	0.6637745499610901
150	L5S240	L2S204	tongue	left palm	0.7823547720909119
151	L5S240	L2S222	tongue	left palm	0.7787009477615356
152	L5S240	L2S240	tongue	left palm	0.3460738360881805
153	L5S240	L2S309	tongue	left palm	0.7297632098197937
154	L5S240	L2S357	tongue	left palm	0.6561500430107117
155	L5S240	L2S382	tongue	left palm	0.6413370966911316
156	L6S20	L2S155	tongue	left palm	0.7638483047485352
157	L6S20	L2S175	tongue	left palm	0.7059844732284546
158	L6S20	L2S204	tongue	left palm	0.784614086151123
159	L6S20	L2S222	tongue	left palm	0.7817644476890564
160	L6S20	L2S240	tongue	left palm	0.3660235106945038
161	L6S20	L2S309	tongue	left palm	0.7544302940368652
162	L6S20	L2S357	tongue	left palm	0.691685676574707
163	L6S20	L2S382	tongue	left palm	0.5932595729827881
164	L6S68	L2S155	tongue	left palm	0.7515102028846741
165	L6S68	L2S175	tongue	left palm	0.6457403898239136
166	L6S68	L2S204	tongue	left palm	0.763920783996582
167	L6S68	L2S222	tongue	left palm	0.7507461309432983
168	L6S68	L2S240	tongue	left palm	0.2637239992618561
169	L6S68	L2S309	tongue	left palm	0.7328581809997559
170	L6S68	L2S357	tongue	left palm	0.6527721881866455
171	L6S68	L2S382	tongue	left palm	0.5600176453590393
172	L6S93	L2S155	tongue	left palm	0.7687915563583374
173	L6S93	L2S175	tongue	left palm	0.6835474371910095
174	L6S93	L2S204	tongue	left palm	0.783065915107727
175	L6S93	L2S222	tongue	left palm	0.7897084355354309
176	L6S93	L2S240	tongue	left palm	0.3885707855224609
177	L6S93	L2S309	tongue	left palm	0.7463163733482361
178	L6S93	L2S357	tongue	left palm	0.6692719459533691
179	L6S93	L2S382	tongue	left palm	0.5664269924163818
180	L5S104	L3S294	tongue	right palm	0.5967694520950317
181	L5S104	L3S313	tongue	right palm	0.6073215007781982
182	L5S104	L3S378	tongue	right palm	0.6893903613090515
183	L5S104	L4S63	tongue	right palm	0.7598141431808472
184	L5S104	L4S112	tongue	right palm	0.6752671599388123
185	L5S104	L4S137	tongue	right palm	0.5938197374343872
186	L5S155	L3S294	tongue	right palm	0.6697880029678345
187	L5S155	L3S313	tongue	right palm	0.5561836957931519
188	L5S155	L3S378	tongue	right palm	0.6366320848464966
189	L5S155	L4S63	tongue	right palm	0.8148143887519836
190	L5S155	L4S112	tongue	right palm	0.7513182759284973
191	L5S155	L4S137	tongue	right palm	0.6897065043449402
192	L5S174	L3S294	tongue	right palm	0.6758714914321899
193	L5S174	L3S313	tongue	right palm	0.5970704555511475
194	L5S174	L3S378	tongue	right palm	0.6605091094970703
195	L5S174	L4S63	tongue	right palm	0.8005921840667725
196	L5S174	L4S112	tongue	right palm	0.7473213076591492
197	L5S174	L4S137	tongue	right palm	0.6180303692817688
198	L5S203	L3S294	tongue	right palm	0.6585078239440918
199	L5S203	L3S313	tongue	right palm	0.5501003265380859
200	L5S203	L3S378	tongue	right palm	0.653776228427887
201	L5S203	L4S63	tongue	right palm	0.7681832313537598
202	L5S203	L4S112	tongue	right palm	0.6900529861450195
203	L5S203	L4S137	tongue	right palm	0.5974563360214233
204	L5S222	L3S294	tongue	right palm	0.6446114778518677
205	L5S222	L3S313	tongue	right palm	0.5817431211471558
206	L5S222	L3S378	tongue	right palm	0.6476958394050598
207	L5S222	L4S63	tongue	right palm	0.7885971069335938
208	L5S222	L4S112	tongue	right palm	0.7347462773323059
209	L5S222	L4S137	tongue	right palm	0.6375605463981628
210	L5S240	L3S294	tongue	right palm	0.671136200428009
211	L5S240	L3S313	tongue	right palm	0.5530276894569397
212	L5S240	L3S378	tongue	right palm	0.6078175902366638
213	L5S240	L4S63	tongue	right palm	0.7997519373893738
214	L5S240	L4S112	tongue	right palm	0.7385547161102295
215	L5S240	L4S137	tongue	right palm	0.6714441776275635
216	L6S20	L3S294	tongue	right palm	0.6999979019165039
217	L6S20	L3S313	tongue	right palm	0.6162421703338623
218	L6S20	L3S378	tongue	right palm	0.6730755567550659
219	L6S20	L4S63	tongue	right palm	0.7910403609275818
220	L6S20	L4S112	tongue	right palm	0.7424217462539673
221	L6S20	L4S137	tongue	right palm	0.6292281746864319
222	L6S68	L3S294	tongue	right palm	0.6922407746315002
223	L6S68	L3S313	tongue	right palm	0.6120240092277527
224	L6S68	L3S378	tongue	right palm	0.684834897518158
225	L6S68	L4S63	tongue	right palm	0.7709676027297974
226	L6S68	L4S112	tongue	right palm	0.7014574408531189
227	L6S68	L4S137	tongue	right palm	0.575861394405365
228	L6S93	L3S294	tongue	right palm	0.7007650136947632
229	L6S93	L3S313	tongue	right palm	0.6140446662902832
230	L6S93	L3S378	tongue	right palm	0.7051571607589722
231	L6S93	L4S63	tongue	right palm	0.7906895279884338
232	L6S93	L4S112	tongue	right palm	0.7305922508239746
233	L6S93	L4S137	tongue	right palm	0.5806542038917542
